<?xml version="1.0"?>
<dock-layout>
	
<layout name="__default__"><dock name="__dock_1" floating="no" width="-1" height="-1" floatx="0" floaty="0" skip-taskbar="yes"><paned orientation="vertical" locked="no" iconified="no" closed="no" position="325"><paned orientation="horizontal" locked="no" iconified="no" closed="no" position="247"><notebook orientation="vertical" locked="no" iconified="no" closed="no" page="0"><item name="AnjutaFileManager" orientation="vertical" locked="no" iconified="no" closed="no"/><item name="AnjutaProjectManager" orientation="vertical" locked="no" iconified="no" closed="no"/><item name="AnjutaSymbolBrowser" orientation="horizontal" locked="no" iconified="no" closed="yes"/><item name="AnjutaSymbolDB" orientation="vertical" locked="no" iconified="no" closed="yes"/><item name="AnjutaDevhelpIndex" orientation="horizontal" locked="no" iconified="no" closed="yes"/><item name="AnjutaDebuggerRegisters" orientation="horizontal" locked="no" iconified="no" closed="yes"/><item name="AnjutaGladeTree" orientation="vertical" locked="no" iconified="no" closed="no"/><item name="AnjutaGladePalette" orientation="vertical" locked="no" iconified="no" closed="no"/></notebook><paned orientation="horizontal" locked="no" iconified="no" closed="no" position="500"><paned orientation="vertical" locked="no" iconified="no" closed="no" position="200"><notebook orientation="vertical" locked="no" iconified="no" closed="yes" page="-1"/><notebook orientation="vertical" locked="no" iconified="no" closed="no" page="1"><item name="AnjutaStarter" orientation="horizontal" locked="no" iconified="no" closed="yes"/><item name="AnjutaDocumentManager" orientation="vertical" locked="no" iconified="no" closed="no"/><item name="AnjutaDevhelpDisplay" orientation="horizontal" locked="no" iconified="no" closed="yes"/><item name="AnjutaTodoPlugin" orientation="horizontal" locked="no" iconified="no" closed="yes"/><item name="AnjutaClassInheritance" orientation="horizontal" locked="no" iconified="no" closed="yes"/><item name="AnjutaSamplePlugin" orientation="horizontal" locked="no" iconified="no" closed="yes"/><item name="AnjutaGladeEditor" orientation="horizontal" locked="no" iconified="no" closed="yes"/><item name="AnjutaDebuggerMemory" orientation="horizontal" locked="no" iconified="no" closed="yes"/><item name="AnjutaSubversionLogViewer" orientation="horizontal" locked="no" iconified="no" closed="yes"/></notebook></paned><notebook orientation="vertical" locked="no" iconified="no" closed="yes" page="-1"/></paned></paned><notebook orientation="vertical" locked="no" iconified="no" closed="no" page="0"><item name="AnjutaTerminal" orientation="vertical" locked="no" iconified="no" closed="no"/><item name="AnjutaMessageView" orientation="vertical" locked="no" iconified="no" closed="yes"/><item name="AnjutaDebuggerStack" orientation="horizontal" locked="no" iconified="no" closed="yes"/><item name="AnjutaDebuggerLocals" orientation="horizontal" locked="no" iconified="no" closed="yes"/><item name="AnjutaDebuggerWatch" orientation="vertical" locked="no" iconified="no" closed="yes"/><item name="AnjutaDebuggerBreakpoints" orientation="vertical" locked="no" iconified="no" closed="yes"/></notebook></paned></dock></layout></dock-layout>
